path,entropy
C:/Users/Enzo.Magal/Documents/Enzo2022/Active-Learning-Phanteras-master/panthera_ML_700/photo/300/01010075.JPG,0.6920040845870972
C:/Users/Enzo.Magal/Documents/Enzo2022/Active-Learning-Phanteras-master/panthera_ML_700/photo/300/01010914.JPG,0.6926352977752686
C:/Users/Enzo.Magal/Documents/Enzo2022/Active-Learning-Phanteras-master/panthera_ML_700/photo/300/01010917.JPG,0.6907403469085693
C:/Users/Enzo.Magal/Documents/Enzo2022/Active-Learning-Phanteras-master/panthera_ML_700/photo/300/01020008.JPG,0.6928302645683289
C:/Users/Enzo.Magal/Documents/Enzo2022/Active-Learning-Phanteras-master/panthera_ML_700/photo/300/01040127.JPG,0.6922704577445984
C:/Users/Enzo.Magal/Documents/Enzo2022/Active-Learning-Phanteras-master/panthera_ML_700/photo/300/01040345.JPG,0.6928688287734985
C:/Users/Enzo.Magal/Documents/Enzo2022/Active-Learning-Phanteras-master/panthera_ML_700/photo/300/01040467.JPG,0.6907212734222412
C:/Users/Enzo.Magal/Documents/Enzo2022/Active-Learning-Phanteras-master/panthera_ML_700/photo/300/01040942.JPG,0.6896291971206665
C:/Users/Enzo.Magal/Documents/Enzo2022/Active-Learning-Phanteras-master/panthera_ML_700/photo/300/01050643.JPG,0.6921734809875488
C:/Users/Enzo.Magal/Documents/Enzo2022/Active-Learning-Phanteras-master/panthera_ML_700/photo/300/01050913.JPG,0.6926811337471008
C:/Users/Enzo.Magal/Documents/Enzo2022/Active-Learning-Phanteras-master/panthera_ML_700/photo/300/01050959.JPG,0.6830439567565918
C:/Users/Enzo.Magal/Documents/Enzo2022/Active-Learning-Phanteras-master/panthera_ML_700/photo/300/01060307.JPG,0.689983069896698
C:/Users/Enzo.Magal/Documents/Enzo2022/Active-Learning-Phanteras-master/panthera_ML_700/photo/300/01060315.JPG,0.687798023223877
C:/Users/Enzo.Magal/Documents/Enzo2022/Active-Learning-Phanteras-master/panthera_ML_700/photo/300/01060347.JPG,0.6903626918792725
C:/Users/Enzo.Magal/Documents/Enzo2022/Active-Learning-Phanteras-master/panthera_ML_700/photo/300/01060469.JPG,0.6913609504699707
C:/Users/Enzo.Magal/Documents/Enzo2022/Active-Learning-Phanteras-master/panthera_ML_700/photo/300/01080353.JPG,0.6924362182617188
C:/Users/Enzo.Magal/Documents/Enzo2022/Active-Learning-Phanteras-master/panthera_ML_700/photo/300/01090133.JPG,0.690786600112915
C:/Users/Enzo.Magal/Documents/Enzo2022/Active-Learning-Phanteras-master/panthera_ML_700/photo/300/01100328.JPG,0.6803643703460693
C:/Users/Enzo.Magal/Documents/Enzo2022/Active-Learning-Phanteras-master/panthera_ML_700/photo/300/01120617.JPG,0.6930807828903198
C:/Users/Enzo.Magal/Documents/Enzo2022/Active-Learning-Phanteras-master/panthera_ML_700/photo/300/01120623.JPG,0.6929358243942261
C:/Users/Enzo.Magal/Documents/Enzo2022/Active-Learning-Phanteras-master/panthera_ML_700/photo/300/01140424.JPG,0.6925866603851318
C:/Users/Enzo.Magal/Documents/Enzo2022/Active-Learning-Phanteras-master/panthera_ML_700/photo/300/01140429.JPG,0.6923236846923828
C:/Users/Enzo.Magal/Documents/Enzo2022/Active-Learning-Phanteras-master/panthera_ML_700/photo/300/01160953.JPG,0.6920329332351685
C:/Users/Enzo.Magal/Documents/Enzo2022/Active-Learning-Phanteras-master/panthera_ML_700/photo/300/01190625.JPG,0.690550684928894
C:/Users/Enzo.Magal/Documents/Enzo2022/Active-Learning-Phanteras-master/panthera_ML_700/photo/300/01190648.JPG,0.6911888122558594
C:/Users/Enzo.Magal/Documents/Enzo2022/Active-Learning-Phanteras-master/panthera_ML_700/photo/300/01250152.JPG,0.6904950141906738
C:/Users/Enzo.Magal/Documents/Enzo2022/Active-Learning-Phanteras-master/panthera_ML_700/photo/300/01270079.JPG,0.6898105144500732
C:/Users/Enzo.Magal/Documents/Enzo2022/Active-Learning-Phanteras-master/panthera_ML_700/photo/300/01270083.JPG,0.6839631795883179
C:/Users/Enzo.Magal/Documents/Enzo2022/Active-Learning-Phanteras-master/panthera_ML_700/photo/300/01270982.JPG,0.6930916905403137
C:/Users/Enzo.Magal/Documents/Enzo2022/Active-Learning-Phanteras-master/panthera_ML_700/photo/300/01270983.JPG,0.6918033361434937
C:/Users/Enzo.Magal/Documents/Enzo2022/Active-Learning-Phanteras-master/panthera_ML_700/photo/300/02010692.JPG,0.6907787919044495
C:/Users/Enzo.Magal/Documents/Enzo2022/Active-Learning-Phanteras-master/panthera_ML_700/photo/300/02010694.JPG,0.692743182182312
C:/Users/Enzo.Magal/Documents/Enzo2022/Active-Learning-Phanteras-master/panthera_ML_700/photo/300/02010695.JPG,0.6930126547813416
C:/Users/Enzo.Magal/Documents/Enzo2022/Active-Learning-Phanteras-master/panthera_ML_700/photo/300/02090007.JPG,0.6913193464279175
C:/Users/Enzo.Magal/Documents/Enzo2022/Active-Learning-Phanteras-master/panthera_ML_700/photo/300/02100702.JPG,0.6925085783004761
C:/Users/Enzo.Magal/Documents/Enzo2022/Active-Learning-Phanteras-master/panthera_ML_700/photo/300/02100703.JPG,0.6931353807449341
C:/Users/Enzo.Magal/Documents/Enzo2022/Active-Learning-Phanteras-master/panthera_ML_700/photo/300/02110224.JPG,0.692516565322876
C:/Users/Enzo.Magal/Documents/Enzo2022/Active-Learning-Phanteras-master/panthera_ML_700/photo/300/02110331.JPG,0.6930059194564819
C:/Users/Enzo.Magal/Documents/Enzo2022/Active-Learning-Phanteras-master/panthera_ML_700/photo/300/02130392.JPG,0.6931265592575073
C:/Users/Enzo.Magal/Documents/Enzo2022/Active-Learning-Phanteras-master/panthera_ML_700/photo/300/02170217.JPG,0.693094789981842
C:/Users/Enzo.Magal/Documents/Enzo2022/Active-Learning-Phanteras-master/panthera_ML_700/photo/300/02170355.JPG,0.6856046915054321
C:/Users/Enzo.Magal/Documents/Enzo2022/Active-Learning-Phanteras-master/panthera_ML_700/photo/300/02220541.JPG,0.6919450759887695
C:/Users/Enzo.Magal/Documents/Enzo2022/Active-Learning-Phanteras-master/panthera_ML_700/photo/300/02230154.JPG,0.6843332052230835
C:/Users/Enzo.Magal/Documents/Enzo2022/Active-Learning-Phanteras-master/panthera_ML_700/photo/300/02230155.JPG,0.6894193887710571
C:/Users/Enzo.Magal/Documents/Enzo2022/Active-Learning-Phanteras-master/panthera_ML_700/photo/300/02230547.JPG,0.6916320323944092
C:/Users/Enzo.Magal/Documents/Enzo2022/Active-Learning-Phanteras-master/panthera_ML_700/photo/300/02230548.JPG,0.6879070997238159
C:/Users/Enzo.Magal/Documents/Enzo2022/Active-Learning-Phanteras-master/panthera_ML_700/photo/300/02250803.JPG,0.6931012868881226
C:/Users/Enzo.Magal/Documents/Enzo2022/Active-Learning-Phanteras-master/panthera_ML_700/photo/300/03030310.JPG,0.6930038928985596
C:/Users/Enzo.Magal/Documents/Enzo2022/Active-Learning-Phanteras-master/panthera_ML_700/photo/300/03100227.JPG,0.6929265260696411
C:/Users/Enzo.Magal/Documents/Enzo2022/Active-Learning-Phanteras-master/panthera_ML_700/photo/300/03140621.JPG,0.6919902563095093
C:/Users/Enzo.Magal/Documents/Enzo2022/Active-Learning-Phanteras-master/panthera_ML_700/photo/300/03140624.JPG,0.6926665902137756
C:/Users/Enzo.Magal/Documents/Enzo2022/Active-Learning-Phanteras-master/panthera_ML_700/photo/300/03160666.JPG,0.690935492515564
C:/Users/Enzo.Magal/Documents/Enzo2022/Active-Learning-Phanteras-master/panthera_ML_700/photo/300/03160670.JPG,0.6882150173187256
C:/Users/Enzo.Magal/Documents/Enzo2022/Active-Learning-Phanteras-master/panthera_ML_700/photo/300/03190229.JPG,0.6923259496688843
C:/Users/Enzo.Magal/Documents/Enzo2022/Active-Learning-Phanteras-master/panthera_ML_700/photo/300/03300365.JPG,0.6906651258468628
C:/Users/Enzo.Magal/Documents/Enzo2022/Active-Learning-Phanteras-master/panthera_ML_700/photo/300/04150180.JPG,0.6919970512390137
C:/Users/Enzo.Magal/Documents/Enzo2022/Active-Learning-Phanteras-master/panthera_ML_700/photo/300/04150181.JPG,0.6867069602012634
C:/Users/Enzo.Magal/Documents/Enzo2022/Active-Learning-Phanteras-master/panthera_ML_700/photo/300/04180741.JPG,0.6929186582565308
C:/Users/Enzo.Magal/Documents/Enzo2022/Active-Learning-Phanteras-master/panthera_ML_700/photo/300/04190706.JPG,0.6926964521408081
C:/Users/Enzo.Magal/Documents/Enzo2022/Active-Learning-Phanteras-master/panthera_ML_700/photo/300/04190710.JPG,0.692811906337738
C:/Users/Enzo.Magal/Documents/Enzo2022/Active-Learning-Phanteras-master/panthera_ML_700/photo/300/04190715.JPG,0.6917949914932251
C:/Users/Enzo.Magal/Documents/Enzo2022/Active-Learning-Phanteras-master/panthera_ML_700/photo/300/04220326.JPG,0.6930946111679077
C:/Users/Enzo.Magal/Documents/Enzo2022/Active-Learning-Phanteras-master/panthera_ML_700/photo/300/04290432.JPG,0.6926916837692261
C:/Users/Enzo.Magal/Documents/Enzo2022/Active-Learning-Phanteras-master/panthera_ML_700/photo/300/04290433.JPG,0.6921005845069885
C:/Users/Enzo.Magal/Documents/Enzo2022/Active-Learning-Phanteras-master/panthera_ML_700/photo/300/04300436.JPG,0.6925536394119263
C:/Users/Enzo.Magal/Documents/Enzo2022/Active-Learning-Phanteras-master/panthera_ML_700/photo/300/05010807.JPG,0.6931248903274536
C:/Users/Enzo.Magal/Documents/Enzo2022/Active-Learning-Phanteras-master/panthera_ML_700/photo/300/05030808.JPG,0.6915262937545776
C:/Users/Enzo.Magal/Documents/Enzo2022/Active-Learning-Phanteras-master/panthera_ML_700/photo/300/05040228.JPG,0.692883312702179
C:/Users/Enzo.Magal/Documents/Enzo2022/Active-Learning-Phanteras-master/panthera_ML_700/photo/300/05050288.JPG,0.6879398822784424
C:/Users/Enzo.Magal/Documents/Enzo2022/Active-Learning-Phanteras-master/panthera_ML_700/photo/300/05050293.JPG,0.6873819828033447
C:/Users/Enzo.Magal/Documents/Enzo2022/Active-Learning-Phanteras-master/panthera_ML_700/photo/300/05050553.JPG,0.6923714280128479
C:/Users/Enzo.Magal/Documents/Enzo2022/Active-Learning-Phanteras-master/panthera_ML_700/photo/300/05070233.JPG,0.6925169229507446
C:/Users/Enzo.Magal/Documents/Enzo2022/Active-Learning-Phanteras-master/panthera_ML_700/photo/300/05120985.JPG,0.6908137798309326
C:/Users/Enzo.Magal/Documents/Enzo2022/Active-Learning-Phanteras-master/panthera_ML_700/photo/300/05130658.JPG,0.6921951770782471
C:/Users/Enzo.Magal/Documents/Enzo2022/Active-Learning-Phanteras-master/panthera_ML_700/photo/300/05170423.JPG,0.6901243925094604
C:/Users/Enzo.Magal/Documents/Enzo2022/Active-Learning-Phanteras-master/panthera_ML_700/photo/300/05170663.JPG,0.6928545832633972
C:/Users/Enzo.Magal/Documents/Enzo2022/Active-Learning-Phanteras-master/panthera_ML_700/photo/300/05170664.JPG,0.6919050216674805
C:/Users/Enzo.Magal/Documents/Enzo2022/Active-Learning-Phanteras-master/panthera_ML_700/photo/300/05180428.JPG,0.6912468075752258
C:/Users/Enzo.Magal/Documents/Enzo2022/Active-Learning-Phanteras-master/panthera_ML_700/photo/300/05270398.JPG,0.6924335360527039
C:/Users/Enzo.Magal/Documents/Enzo2022/Active-Learning-Phanteras-master/panthera_ML_700/photo/300/05280399.JPG,0.6908729076385498
C:/Users/Enzo.Magal/Documents/Enzo2022/Active-Learning-Phanteras-master/panthera_ML_700/photo/300/05280402.JPG,0.6897825002670288
C:/Users/Enzo.Magal/Documents/Enzo2022/Active-Learning-Phanteras-master/panthera_ML_700/photo/300/05290556.JPG,0.6924543976783752
C:/Users/Enzo.Magal/Documents/Enzo2022/Active-Learning-Phanteras-master/panthera_ML_700/photo/300/06030817.JPG,0.6900117993354797
C:/Users/Enzo.Magal/Documents/Enzo2022/Active-Learning-Phanteras-master/panthera_ML_700/photo/300/06060412.JPG,0.6923071146011353
C:/Users/Enzo.Magal/Documents/Enzo2022/Active-Learning-Phanteras-master/panthera_ML_700/photo/300/06090553.JPG,0.6894474029541016
C:/Users/Enzo.Magal/Documents/Enzo2022/Active-Learning-Phanteras-master/panthera_ML_700/photo/300/06100742.JPG,0.6929439306259155
C:/Users/Enzo.Magal/Documents/Enzo2022/Active-Learning-Phanteras-master/panthera_ML_700/photo/300/06110126.JPG,0.6882023215293884
C:/Users/Enzo.Magal/Documents/Enzo2022/Active-Learning-Phanteras-master/panthera_ML_700/photo/300/06130963.JPG,0.6924277544021606
C:/Users/Enzo.Magal/Documents/Enzo2022/Active-Learning-Phanteras-master/panthera_ML_700/photo/300/06160785.JPG,0.6922369003295898
C:/Users/Enzo.Magal/Documents/Enzo2022/Active-Learning-Phanteras-master/panthera_ML_700/photo/300/06180789.JPG,0.6928349733352661
C:/Users/Enzo.Magal/Documents/Enzo2022/Active-Learning-Phanteras-master/panthera_ML_700/photo/300/06190451.JPG,0.6931291818618774
C:/Users/Enzo.Magal/Documents/Enzo2022/Active-Learning-Phanteras-master/panthera_ML_700/photo/300/06200454.JPG,0.6805018186569214
C:/Users/Enzo.Magal/Documents/Enzo2022/Active-Learning-Phanteras-master/panthera_ML_700/photo/300/06220842.JPG,0.693130373954773
C:/Users/Enzo.Magal/Documents/Enzo2022/Active-Learning-Phanteras-master/panthera_ML_700/photo/300/06260903.JPG,0.6920726895332336
C:/Users/Enzo.Magal/Documents/Enzo2022/Active-Learning-Phanteras-master/panthera_ML_700/photo/300/06260908.JPG,0.6910965442657471
C:/Users/Enzo.Magal/Documents/Enzo2022/Active-Learning-Phanteras-master/panthera_ML_700/photo/300/06290747.JPG,0.6908513307571411
C:/Users/Enzo.Magal/Documents/Enzo2022/Active-Learning-Phanteras-master/panthera_ML_700/photo/300/06290812.JPG,0.6894266605377197
C:/Users/Enzo.Magal/Documents/Enzo2022/Active-Learning-Phanteras-master/panthera_ML_700/photo/300/06300153.JPG,0.6892188787460327
C:/Users/Enzo.Magal/Documents/Enzo2022/Active-Learning-Phanteras-master/panthera_ML_700/photo/300/06300937.JPG,0.692246675491333
C:/Users/Enzo.Magal/Documents/Enzo2022/Active-Learning-Phanteras-master/panthera_ML_700/photo/300/07010258.JPG,0.6929939985275269
C:/Users/Enzo.Magal/Documents/Enzo2022/Active-Learning-Phanteras-master/panthera_ML_700/photo/300/07020318.JPG,0.6901496052742004
C:/Users/Enzo.Magal/Documents/Enzo2022/Active-Learning-Phanteras-master/panthera_ML_700/photo/300/07020323.JPG,0.6882797479629517
C:/Users/Enzo.Magal/Documents/Enzo2022/Active-Learning-Phanteras-master/panthera_ML_700/photo/300/07040765.JPG,0.6878774166107178
C:/Users/Enzo.Magal/Documents/Enzo2022/Active-Learning-Phanteras-master/panthera_ML_700/photo/300/07050559.JPG,0.6927071809768677
C:/Users/Enzo.Magal/Documents/Enzo2022/Active-Learning-Phanteras-master/panthera_ML_700/photo/300/07070339.JPG,0.6890372633934021
C:/Users/Enzo.Magal/Documents/Enzo2022/Active-Learning-Phanteras-master/panthera_ML_700/photo/300/07070482.JPG,0.6930246353149414
C:/Users/Enzo.Magal/Documents/Enzo2022/Active-Learning-Phanteras-master/panthera_ML_700/photo/300/07080017.JPG,0.6930895447731018
C:/Users/Enzo.Magal/Documents/Enzo2022/Active-Learning-Phanteras-master/panthera_ML_700/photo/300/07080340.JPG,0.6920790672302246
C:/Users/Enzo.Magal/Documents/Enzo2022/Active-Learning-Phanteras-master/panthera_ML_700/photo/300/07090890.JPG,0.6914980411529541
C:/Users/Enzo.Magal/Documents/Enzo2022/Active-Learning-Phanteras-master/panthera_ML_700/photo/300/07100069.JPG,0.6927000284194946
C:/Users/Enzo.Magal/Documents/Enzo2022/Active-Learning-Phanteras-master/panthera_ML_700/photo/300/07110054.JPG,0.6870182752609253
C:/Users/Enzo.Magal/Documents/Enzo2022/Active-Learning-Phanteras-master/panthera_ML_700/photo/300/07110055.JPG,0.6868565082550049
C:/Users/Enzo.Magal/Documents/Enzo2022/Active-Learning-Phanteras-master/panthera_ML_700/photo/300/07110222.JPG,0.6890105605125427
C:/Users/Enzo.Magal/Documents/Enzo2022/Active-Learning-Phanteras-master/panthera_ML_700/photo/300/07150162.JPG,0.6890063881874084
C:/Users/Enzo.Magal/Documents/Enzo2022/Active-Learning-Phanteras-master/panthera_ML_700/photo/300/07160014.JPG,0.6926714181900024
C:/Users/Enzo.Magal/Documents/Enzo2022/Active-Learning-Phanteras-master/panthera_ML_700/photo/300/07160015.JPG,0.6905655860900879
C:/Users/Enzo.Magal/Documents/Enzo2022/Active-Learning-Phanteras-master/panthera_ML_700/photo/300/07160242.JPG,0.6895681619644165
C:/Users/Enzo.Magal/Documents/Enzo2022/Active-Learning-Phanteras-master/panthera_ML_700/photo/300/07180037.JPG,0.6927573680877686
C:/Users/Enzo.Magal/Documents/Enzo2022/Active-Learning-Phanteras-master/panthera_ML_700/photo/300/07180039.JPG,0.6927355527877808
C:/Users/Enzo.Magal/Documents/Enzo2022/Active-Learning-Phanteras-master/panthera_ML_700/photo/300/07190015.JPG,0.6930794715881348
C:/Users/Enzo.Magal/Documents/Enzo2022/Active-Learning-Phanteras-master/panthera_ML_700/photo/300/07200029.JPG,0.6913713216781616
C:/Users/Enzo.Magal/Documents/Enzo2022/Active-Learning-Phanteras-master/panthera_ML_700/photo/300/07200087.JPG,0.6891458034515381
C:/Users/Enzo.Magal/Documents/Enzo2022/Active-Learning-Phanteras-master/panthera_ML_700/photo/300/07200213.JPG,0.6930683851242065
C:/Users/Enzo.Magal/Documents/Enzo2022/Active-Learning-Phanteras-master/panthera_ML_700/photo/300/07210004.JPG,0.6893291473388672
C:/Users/Enzo.Magal/Documents/Enzo2022/Active-Learning-Phanteras-master/panthera_ML_700/photo/300/07210005.JPG,0.6759763956069946
C:/Users/Enzo.Magal/Documents/Enzo2022/Active-Learning-Phanteras-master/panthera_ML_700/photo/300/07210031.JPG,0.6919525861740112
C:/Users/Enzo.Magal/Documents/Enzo2022/Active-Learning-Phanteras-master/panthera_ML_700/photo/300/07220079.JPG,0.6929783225059509
C:/Users/Enzo.Magal/Documents/Enzo2022/Active-Learning-Phanteras-master/panthera_ML_700/photo/300/07230037.JPG,0.6929378509521484
C:/Users/Enzo.Magal/Documents/Enzo2022/Active-Learning-Phanteras-master/panthera_ML_700/photo/300/07230084.JPG,0.6928731799125671
C:/Users/Enzo.Magal/Documents/Enzo2022/Active-Learning-Phanteras-master/panthera_ML_700/photo/300/07230410.JPG,0.6909161806106567
C:/Users/Enzo.Magal/Documents/Enzo2022/Active-Learning-Phanteras-master/panthera_ML_700/photo/300/07240067.JPG,0.6931301355361938
C:/Users/Enzo.Magal/Documents/Enzo2022/Active-Learning-Phanteras-master/panthera_ML_700/photo/300/07250086.JPG,0.6923088431358337
C:/Users/Enzo.Magal/Documents/Enzo2022/Active-Learning-Phanteras-master/panthera_ML_700/photo/300/07260048.JPG,0.6930034756660461
C:/Users/Enzo.Magal/Documents/Enzo2022/Active-Learning-Phanteras-master/panthera_ML_700/photo/300/07280005.JPG,0.6865880489349365
C:/Users/Enzo.Magal/Documents/Enzo2022/Active-Learning-Phanteras-master/panthera_ML_700/photo/300/07280498.JPG,0.6916385889053345
C:/Users/Enzo.Magal/Documents/Enzo2022/Active-Learning-Phanteras-master/panthera_ML_700/photo/300/07280596.JPG,0.6909797191619873
C:/Users/Enzo.Magal/Documents/Enzo2022/Active-Learning-Phanteras-master/panthera_ML_700/photo/300/07290017.JPG,0.6923120617866516
C:/Users/Enzo.Magal/Documents/Enzo2022/Active-Learning-Phanteras-master/panthera_ML_700/photo/300/07290129.JPG,0.6930996179580688
C:/Users/Enzo.Magal/Documents/Enzo2022/Active-Learning-Phanteras-master/panthera_ML_700/photo/300/07300305.JPG,0.692663311958313
C:/Users/Enzo.Magal/Documents/Enzo2022/Active-Learning-Phanteras-master/panthera_ML_700/photo/300/07300309.JPG,0.6925650835037231
C:/Users/Enzo.Magal/Documents/Enzo2022/Active-Learning-Phanteras-master/panthera_ML_700/photo/300/07310001.JPG,0.6888570785522461
C:/Users/Enzo.Magal/Documents/Enzo2022/Active-Learning-Phanteras-master/panthera_ML_700/photo/300/07310032.JPG,0.6923556923866272
C:/Users/Enzo.Magal/Documents/Enzo2022/Active-Learning-Phanteras-master/panthera_ML_700/photo/300/07310577.JPG,0.6855382919311523
C:/Users/Enzo.Magal/Documents/Enzo2022/Active-Learning-Phanteras-master/panthera_ML_700/photo/300/07310927.JPG,0.6907848715782166
C:/Users/Enzo.Magal/Documents/Enzo2022/Active-Learning-Phanteras-master/panthera_ML_700/photo/300/08010873.JPG,0.6931138634681702
C:/Users/Enzo.Magal/Documents/Enzo2022/Active-Learning-Phanteras-master/panthera_ML_700/photo/300/08030439.JPG,0.6870782375335693
C:/Users/Enzo.Magal/Documents/Enzo2022/Active-Learning-Phanteras-master/panthera_ML_700/photo/300/08040068.JPG,0.6912926435470581
C:/Users/Enzo.Magal/Documents/Enzo2022/Active-Learning-Phanteras-master/panthera_ML_700/photo/300/08040111.JPG,0.6924234628677368
C:/Users/Enzo.Magal/Documents/Enzo2022/Active-Learning-Phanteras-master/panthera_ML_700/photo/300/08040284.JPG,0.6917151808738708
C:/Users/Enzo.Magal/Documents/Enzo2022/Active-Learning-Phanteras-master/panthera_ML_700/photo/300/08050002.JPG,0.6928999423980713
C:/Users/Enzo.Magal/Documents/Enzo2022/Active-Learning-Phanteras-master/panthera_ML_700/photo/300/08050158.JPG,0.6918734312057495
C:/Users/Enzo.Magal/Documents/Enzo2022/Active-Learning-Phanteras-master/panthera_ML_700/photo/300/08070053.JPG,0.6861152648925781
C:/Users/Enzo.Magal/Documents/Enzo2022/Active-Learning-Phanteras-master/panthera_ML_700/photo/300/08070059.JPG,0.6922087669372559
C:/Users/Enzo.Magal/Documents/Enzo2022/Active-Learning-Phanteras-master/panthera_ML_700/photo/300/08070123.JPG,0.6912151575088501
C:/Users/Enzo.Magal/Documents/Enzo2022/Active-Learning-Phanteras-master/panthera_ML_700/photo/300/08070278.JPG,0.6930509805679321
C:/Users/Enzo.Magal/Documents/Enzo2022/Active-Learning-Phanteras-master/panthera_ML_700/photo/300/08070283.JPG,0.6917625069618225
C:/Users/Enzo.Magal/Documents/Enzo2022/Active-Learning-Phanteras-master/panthera_ML_700/photo/300/08070474.JPG,0.6886321306228638
C:/Users/Enzo.Magal/Documents/Enzo2022/Active-Learning-Phanteras-master/panthera_ML_700/photo/300/08070475.JPG,0.692147970199585
C:/Users/Enzo.Magal/Documents/Enzo2022/Active-Learning-Phanteras-master/panthera_ML_700/photo/300/08080144.JPG,0.6921858191490173
C:/Users/Enzo.Magal/Documents/Enzo2022/Active-Learning-Phanteras-master/panthera_ML_700/photo/300/08080202.JPG,0.693135142326355
C:/Users/Enzo.Magal/Documents/Enzo2022/Active-Learning-Phanteras-master/panthera_ML_700/photo/300/08080278.JPG,0.6897868514060974
C:/Users/Enzo.Magal/Documents/Enzo2022/Active-Learning-Phanteras-master/panthera_ML_700/photo/300/08090018.JPG,0.6923527717590332
C:/Users/Enzo.Magal/Documents/Enzo2022/Active-Learning-Phanteras-master/panthera_ML_700/photo/300/08090046.JPG,0.6835857629776001
C:/Users/Enzo.Magal/Documents/Enzo2022/Active-Learning-Phanteras-master/panthera_ML_700/photo/300/08090055.JPG,0.6769024133682251
C:/Users/Enzo.Magal/Documents/Enzo2022/Active-Learning-Phanteras-master/panthera_ML_700/photo/300/08100097.JPG,0.6921194791793823
C:/Users/Enzo.Magal/Documents/Enzo2022/Active-Learning-Phanteras-master/panthera_ML_700/photo/300/08100125.JPG,0.6766720414161682
C:/Users/Enzo.Magal/Documents/Enzo2022/Active-Learning-Phanteras-master/panthera_ML_700/photo/300/08120008.JPG,0.6925725340843201
C:/Users/Enzo.Magal/Documents/Enzo2022/Active-Learning-Phanteras-master/panthera_ML_700/photo/300/08120621.JPG,0.6819902062416077
C:/Users/Enzo.Magal/Documents/Enzo2022/Active-Learning-Phanteras-master/panthera_ML_700/photo/300/08140010.JPG,0.688908576965332
C:/Users/Enzo.Magal/Documents/Enzo2022/Active-Learning-Phanteras-master/panthera_ML_700/photo/300/08140013.JPG,0.6905841827392578
C:/Users/Enzo.Magal/Documents/Enzo2022/Active-Learning-Phanteras-master/panthera_ML_700/photo/300/08140587.JPG,0.6912402510643005
C:/Users/Enzo.Magal/Documents/Enzo2022/Active-Learning-Phanteras-master/panthera_ML_700/photo/300/08150036.JPG,0.6930443048477173
C:/Users/Enzo.Magal/Documents/Enzo2022/Active-Learning-Phanteras-master/panthera_ML_700/photo/300/08150038.JPG,0.6912044882774353
C:/Users/Enzo.Magal/Documents/Enzo2022/Active-Learning-Phanteras-master/panthera_ML_700/photo/300/08150056.JPG,0.6930920481681824
C:/Users/Enzo.Magal/Documents/Enzo2022/Active-Learning-Phanteras-master/panthera_ML_700/photo/300/08160179.JPG,0.6907174587249756
C:/Users/Enzo.Magal/Documents/Enzo2022/Active-Learning-Phanteras-master/panthera_ML_700/photo/300/08160247.JPG,0.6911168098449707
C:/Users/Enzo.Magal/Documents/Enzo2022/Active-Learning-Phanteras-master/panthera_ML_700/photo/300/08160625.JPG,0.6922563314437866
C:/Users/Enzo.Magal/Documents/Enzo2022/Active-Learning-Phanteras-master/panthera_ML_700/photo/300/08160627.JPG,0.6907835006713867
C:/Users/Enzo.Magal/Documents/Enzo2022/Active-Learning-Phanteras-master/panthera_ML_700/photo/300/08180341.JPG,0.6928186416625977
C:/Users/Enzo.Magal/Documents/Enzo2022/Active-Learning-Phanteras-master/panthera_ML_700/photo/300/08190038.JPG,0.6922274827957153
C:/Users/Enzo.Magal/Documents/Enzo2022/Active-Learning-Phanteras-master/panthera_ML_700/photo/300/08190101.JPG,0.6929343938827515
C:/Users/Enzo.Magal/Documents/Enzo2022/Active-Learning-Phanteras-master/panthera_ML_700/photo/300/08190123.JPG,0.6898914575576782
C:/Users/Enzo.Magal/Documents/Enzo2022/Active-Learning-Phanteras-master/panthera_ML_700/photo/300/08190592.JPG,0.6925857067108154
C:/Users/Enzo.Magal/Documents/Enzo2022/Active-Learning-Phanteras-master/panthera_ML_700/photo/300/08200002.JPG,0.6928224563598633
C:/Users/Enzo.Magal/Documents/Enzo2022/Active-Learning-Phanteras-master/panthera_ML_700/photo/300/08200471.JPG,0.6904639005661011
C:/Users/Enzo.Magal/Documents/Enzo2022/Active-Learning-Phanteras-master/panthera_ML_700/photo/300/08210107.JPG,0.6917355060577393
C:/Users/Enzo.Magal/Documents/Enzo2022/Active-Learning-Phanteras-master/panthera_ML_700/photo/300/08210992.JPG,0.6931291818618774
C:/Users/Enzo.Magal/Documents/Enzo2022/Active-Learning-Phanteras-master/panthera_ML_700/photo/300/08220042.JPG,0.6901606917381287
C:/Users/Enzo.Magal/Documents/Enzo2022/Active-Learning-Phanteras-master/panthera_ML_700/photo/300/08220071.JPG,0.6930599808692932
C:/Users/Enzo.Magal/Documents/Enzo2022/Active-Learning-Phanteras-master/panthera_ML_700/photo/300/08240091.JPG,0.6917784214019775
C:/Users/Enzo.Magal/Documents/Enzo2022/Active-Learning-Phanteras-master/panthera_ML_700/photo/300/08250093.JPG,0.6930341720581055
C:/Users/Enzo.Magal/Documents/Enzo2022/Active-Learning-Phanteras-master/panthera_ML_700/photo/300/08250147.JPG,0.6928844451904297
C:/Users/Enzo.Magal/Documents/Enzo2022/Active-Learning-Phanteras-master/panthera_ML_700/photo/300/08270033.JPG,0.6930636167526245
C:/Users/Enzo.Magal/Documents/Enzo2022/Active-Learning-Phanteras-master/panthera_ML_700/photo/300/08270148.JPG,0.6930930614471436
C:/Users/Enzo.Magal/Documents/Enzo2022/Active-Learning-Phanteras-master/panthera_ML_700/photo/300/08270149.JPG,0.6930747032165527
C:/Users/Enzo.Magal/Documents/Enzo2022/Active-Learning-Phanteras-master/panthera_ML_700/photo/300/08290068.JPG,0.6841393709182739
C:/Users/Enzo.Magal/Documents/Enzo2022/Active-Learning-Phanteras-master/panthera_ML_700/photo/300/08290070.JPG,0.6931352615356445
C:/Users/Enzo.Magal/Documents/Enzo2022/Active-Learning-Phanteras-master/panthera_ML_700/photo/300/09020078.JPG,0.6924443244934082
C:/Users/Enzo.Magal/Documents/Enzo2022/Active-Learning-Phanteras-master/panthera_ML_700/photo/300/09090206.JPG,0.693139910697937
C:/Users/Enzo.Magal/Documents/Enzo2022/Active-Learning-Phanteras-master/panthera_ML_700/photo/300/09090294.JPG,0.6911455988883972
C:/Users/Enzo.Magal/Documents/Enzo2022/Active-Learning-Phanteras-master/panthera_ML_700/photo/300/09100074.JPG,0.6930118799209595
C:/Users/Enzo.Magal/Documents/Enzo2022/Active-Learning-Phanteras-master/panthera_ML_700/photo/300/09100317.JPG,0.691110372543335
C:/Users/Enzo.Magal/Documents/Enzo2022/Active-Learning-Phanteras-master/panthera_ML_700/photo/300/09100352.JPG,0.6895572543144226
C:/Users/Enzo.Magal/Documents/Enzo2022/Active-Learning-Phanteras-master/panthera_ML_700/photo/300/09110348.JPG,0.6924502849578857
C:/Users/Enzo.Magal/Documents/Enzo2022/Active-Learning-Phanteras-master/panthera_ML_700/photo/300/09110350.JPG,0.6931028366088867
C:/Users/Enzo.Magal/Documents/Enzo2022/Active-Learning-Phanteras-master/panthera_ML_700/photo/300/09110757.JPG,0.6930771470069885
C:/Users/Enzo.Magal/Documents/Enzo2022/Active-Learning-Phanteras-master/panthera_ML_700/photo/300/09120619.JPG,0.6916191577911377
C:/Users/Enzo.Magal/Documents/Enzo2022/Active-Learning-Phanteras-master/panthera_ML_700/photo/300/09120760.JPG,0.6929095983505249
C:/Users/Enzo.Magal/Documents/Enzo2022/Active-Learning-Phanteras-master/panthera_ML_700/photo/300/09130075.JPG,0.6918503642082214
C:/Users/Enzo.Magal/Documents/Enzo2022/Active-Learning-Phanteras-master/panthera_ML_700/photo/300/09130094.JPG,0.6916357278823853
C:/Users/Enzo.Magal/Documents/Enzo2022/Active-Learning-Phanteras-master/panthera_ML_700/photo/300/09130214.JPG,0.692413330078125
C:/Users/Enzo.Magal/Documents/Enzo2022/Active-Learning-Phanteras-master/panthera_ML_700/photo/300/09150216.JPG,0.6901568174362183
C:/Users/Enzo.Magal/Documents/Enzo2022/Active-Learning-Phanteras-master/panthera_ML_700/photo/300/09170312.JPG,0.6922541260719299
C:/Users/Enzo.Magal/Documents/Enzo2022/Active-Learning-Phanteras-master/panthera_ML_700/photo/300/09170430.JPG,0.693085789680481
C:/Users/Enzo.Magal/Documents/Enzo2022/Active-Learning-Phanteras-master/panthera_ML_700/photo/300/09170943.JPG,0.6905254125595093
C:/Users/Enzo.Magal/Documents/Enzo2022/Active-Learning-Phanteras-master/panthera_ML_700/photo/300/09170944.JPG,0.6916713118553162
C:/Users/Enzo.Magal/Documents/Enzo2022/Active-Learning-Phanteras-master/panthera_ML_700/photo/300/09170949.JPG,0.6929920315742493
C:/Users/Enzo.Magal/Documents/Enzo2022/Active-Learning-Phanteras-master/panthera_ML_700/photo/300/09200246.JPG,0.692447304725647
C:/Users/Enzo.Magal/Documents/Enzo2022/Active-Learning-Phanteras-master/panthera_ML_700/photo/300/09200249.JPG,0.6888318061828613
C:/Users/Enzo.Magal/Documents/Enzo2022/Active-Learning-Phanteras-master/panthera_ML_700/photo/300/09200250.JPG,0.693063497543335
C:/Users/Enzo.Magal/Documents/Enzo2022/Active-Learning-Phanteras-master/panthera_ML_700/photo/300/09230424.JPG,0.6928759813308716
C:/Users/Enzo.Magal/Documents/Enzo2022/Active-Learning-Phanteras-master/panthera_ML_700/photo/300/09240958.JPG,0.6927986741065979
C:/Users/Enzo.Magal/Documents/Enzo2022/Active-Learning-Phanteras-master/panthera_ML_700/photo/300/09240959.JPG,0.6897199749946594
C:/Users/Enzo.Magal/Documents/Enzo2022/Active-Learning-Phanteras-master/panthera_ML_700/photo/300/09250148.JPG,0.6924471855163574
C:/Users/Enzo.Magal/Documents/Enzo2022/Active-Learning-Phanteras-master/panthera_ML_700/photo/300/09270454.JPG,0.6929537653923035
C:/Users/Enzo.Magal/Documents/Enzo2022/Active-Learning-Phanteras-master/panthera_ML_700/photo/300/09280029.JPG,0.692884087562561
C:/Users/Enzo.Magal/Documents/Enzo2022/Active-Learning-Phanteras-master/panthera_ML_700/photo/300/10010030.JPG,0.6925171613693237
C:/Users/Enzo.Magal/Documents/Enzo2022/Active-Learning-Phanteras-master/panthera_ML_700/photo/300/10040132.JPG,0.6930556297302246
C:/Users/Enzo.Magal/Documents/Enzo2022/Active-Learning-Phanteras-master/panthera_ML_700/photo/300/10080278.JPG,0.6901553869247437
C:/Users/Enzo.Magal/Documents/Enzo2022/Active-Learning-Phanteras-master/panthera_ML_700/photo/300/10080279.JPG,0.6931296586990356
C:/Users/Enzo.Magal/Documents/Enzo2022/Active-Learning-Phanteras-master/panthera_ML_700/photo/300/10110153.JPG,0.6699256300926208
C:/Users/Enzo.Magal/Documents/Enzo2022/Active-Learning-Phanteras-master/panthera_ML_700/photo/300/10110981.JPG,0.6930515766143799
C:/Users/Enzo.Magal/Documents/Enzo2022/Active-Learning-Phanteras-master/panthera_ML_700/photo/300/10120946.JPG,0.6926491260528564
C:/Users/Enzo.Magal/Documents/Enzo2022/Active-Learning-Phanteras-master/panthera_ML_700/photo/300/10120951.JPG,0.6928259134292603
C:/Users/Enzo.Magal/Documents/Enzo2022/Active-Learning-Phanteras-master/panthera_ML_700/photo/300/10190383.JPG,0.6929874420166016
C:/Users/Enzo.Magal/Documents/Enzo2022/Active-Learning-Phanteras-master/panthera_ML_700/photo/300/10230095.JPG,0.6929471492767334
C:/Users/Enzo.Magal/Documents/Enzo2022/Active-Learning-Phanteras-master/panthera_ML_700/photo/300/10230204.JPG,0.6928887367248535
C:/Users/Enzo.Magal/Documents/Enzo2022/Active-Learning-Phanteras-master/panthera_ML_700/photo/300/10240343.JPG,0.6908392906188965
C:/Users/Enzo.Magal/Documents/Enzo2022/Active-Learning-Phanteras-master/panthera_ML_700/photo/300/10250055.JPG,0.693094789981842
C:/Users/Enzo.Magal/Documents/Enzo2022/Active-Learning-Phanteras-master/panthera_ML_700/photo/300/10260117.JPG,0.6931428909301758
C:/Users/Enzo.Magal/Documents/Enzo2022/Active-Learning-Phanteras-master/panthera_ML_700/photo/300/10260987.JPG,0.6914523243904114
C:/Users/Enzo.Magal/Documents/Enzo2022/Active-Learning-Phanteras-master/panthera_ML_700/photo/300/10300782.JPG,0.6701524257659912
C:/Users/Enzo.Magal/Documents/Enzo2022/Active-Learning-Phanteras-master/panthera_ML_700/photo/300/10310089.JPG,0.6916634440422058
C:/Users/Enzo.Magal/Documents/Enzo2022/Active-Learning-Phanteras-master/panthera_ML_700/photo/300/11020267.JPG,0.6930950880050659
C:/Users/Enzo.Magal/Documents/Enzo2022/Active-Learning-Phanteras-master/panthera_ML_700/photo/300/11040151.JPG,0.6904416084289551
C:/Users/Enzo.Magal/Documents/Enzo2022/Active-Learning-Phanteras-master/panthera_ML_700/photo/300/11040157.JPG,0.6919755935668945
C:/Users/Enzo.Magal/Documents/Enzo2022/Active-Learning-Phanteras-master/panthera_ML_700/photo/300/11040159.JPG,0.6919643878936768
C:/Users/Enzo.Magal/Documents/Enzo2022/Active-Learning-Phanteras-master/panthera_ML_700/photo/300/11040168.JPG,0.6929718255996704
C:/Users/Enzo.Magal/Documents/Enzo2022/Active-Learning-Phanteras-master/panthera_ML_700/photo/300/11040324.JPG,0.6915007829666138
C:/Users/Enzo.Magal/Documents/Enzo2022/Active-Learning-Phanteras-master/panthera_ML_700/photo/300/11050092.JPG,0.6919033527374268
C:/Users/Enzo.Magal/Documents/Enzo2022/Active-Learning-Phanteras-master/panthera_ML_700/photo/300/11050160.JPG,0.6894427537918091
C:/Users/Enzo.Magal/Documents/Enzo2022/Active-Learning-Phanteras-master/panthera_ML_700/photo/300/11050200.JPG,0.6796205043792725
C:/Users/Enzo.Magal/Documents/Enzo2022/Active-Learning-Phanteras-master/panthera_ML_700/photo/300/11050646.JPG,0.6931225061416626
C:/Users/Enzo.Magal/Documents/Enzo2022/Active-Learning-Phanteras-master/panthera_ML_700/photo/300/11050880.JPG,0.6885300278663635
C:/Users/Enzo.Magal/Documents/Enzo2022/Active-Learning-Phanteras-master/panthera_ML_700/photo/300/11050909.JPG,0.6902296543121338
C:/Users/Enzo.Magal/Documents/Enzo2022/Active-Learning-Phanteras-master/panthera_ML_700/photo/300/11050981.JPG,0.6911176443099976
C:/Users/Enzo.Magal/Documents/Enzo2022/Active-Learning-Phanteras-master/panthera_ML_700/photo/300/11050982.JPG,0.6904013156890869
C:/Users/Enzo.Magal/Documents/Enzo2022/Active-Learning-Phanteras-master/panthera_ML_700/photo/300/11060485.JPG,0.6930860280990601
C:/Users/Enzo.Magal/Documents/Enzo2022/Active-Learning-Phanteras-master/panthera_ML_700/photo/300/11070553.JPG,0.6914471387863159
C:/Users/Enzo.Magal/Documents/Enzo2022/Active-Learning-Phanteras-master/panthera_ML_700/photo/300/11100151.JPG,0.6903756856918335
C:/Users/Enzo.Magal/Documents/Enzo2022/Active-Learning-Phanteras-master/panthera_ML_700/photo/300/11110740.JPG,0.6927936673164368
C:/Users/Enzo.Magal/Documents/Enzo2022/Active-Learning-Phanteras-master/panthera_ML_700/photo/300/11120742.JPG,0.6906194090843201
C:/Users/Enzo.Magal/Documents/Enzo2022/Active-Learning-Phanteras-master/panthera_ML_700/photo/300/11120892.JPG,0.6858774423599243
C:/Users/Enzo.Magal/Documents/Enzo2022/Active-Learning-Phanteras-master/panthera_ML_700/photo/300/11120894.JPG,0.6836949586868286
C:/Users/Enzo.Magal/Documents/Enzo2022/Active-Learning-Phanteras-master/panthera_ML_700/photo/300/11120895.JPG,0.6882377862930298
C:/Users/Enzo.Magal/Documents/Enzo2022/Active-Learning-Phanteras-master/panthera_ML_700/photo/300/11190449.JPG,0.6926867961883545
C:/Users/Enzo.Magal/Documents/Enzo2022/Active-Learning-Phanteras-master/panthera_ML_700/photo/300/11200845.JPG,0.692643404006958
C:/Users/Enzo.Magal/Documents/Enzo2022/Active-Learning-Phanteras-master/panthera_ML_700/photo/300/11210450.JPG,0.692272424697876
C:/Users/Enzo.Magal/Documents/Enzo2022/Active-Learning-Phanteras-master/panthera_ML_700/photo/300/11230540.JPG,0.6926495432853699
C:/Users/Enzo.Magal/Documents/Enzo2022/Active-Learning-Phanteras-master/panthera_ML_700/photo/300/12070022.JPG,0.6924333572387695
C:/Users/Enzo.Magal/Documents/Enzo2022/Active-Learning-Phanteras-master/panthera_ML_700/photo/300/12070027.JPG,0.693029522895813
C:/Users/Enzo.Magal/Documents/Enzo2022/Active-Learning-Phanteras-master/panthera_ML_700/photo/300/12130294.JPG,0.6889655590057373
C:/Users/Enzo.Magal/Documents/Enzo2022/Active-Learning-Phanteras-master/panthera_ML_700/photo/300/12130295.JPG,0.6931275725364685
C:/Users/Enzo.Magal/Documents/Enzo2022/Active-Learning-Phanteras-master/panthera_ML_700/photo/300/12140175.JPG,0.6927492618560791
C:/Users/Enzo.Magal/Documents/Enzo2022/Active-Learning-Phanteras-master/panthera_ML_700/photo/300/12160181.JPG,0.6931275129318237
C:/Users/Enzo.Magal/Documents/Enzo2022/Active-Learning-Phanteras-master/panthera_ML_700/photo/300/12160185.JPG,0.6925852298736572
C:/Users/Enzo.Magal/Documents/Enzo2022/Active-Learning-Phanteras-master/panthera_ML_700/photo/300/12310298.JPG,0.6928848028182983
C:/Users/Enzo.Magal/Documents/Enzo2022/Active-Learning-Phanteras-master/panthera_ML_700/photo/300/EK001077.JPG,0.692559003829956
C:/Users/Enzo.Magal/Documents/Enzo2022/Active-Learning-Phanteras-master/panthera_ML_700/photo/300/EK001124.JPG,0.6918741464614868
C:/Users/Enzo.Magal/Documents/Enzo2022/Active-Learning-Phanteras-master/panthera_ML_700/photo/300/IMG_0012.JPG,0.6923102736473083
C:/Users/Enzo.Magal/Documents/Enzo2022/Active-Learning-Phanteras-master/panthera_ML_700/photo/300/IMG_0038.JPG,0.6918001174926758
C:/Users/Enzo.Magal/Documents/Enzo2022/Active-Learning-Phanteras-master/panthera_ML_700/photo/300/IMG_0082.JPG,0.6883522272109985
C:/Users/Enzo.Magal/Documents/Enzo2022/Active-Learning-Phanteras-master/panthera_ML_700/photo/300/IMG_0092.JPG,0.6927976012229919
C:/Users/Enzo.Magal/Documents/Enzo2022/Active-Learning-Phanteras-master/panthera_ML_700/photo/300/IMG_0156.JPG,0.6891510486602783
C:/Users/Enzo.Magal/Documents/Enzo2022/Active-Learning-Phanteras-master/panthera_ML_700/photo/300/IMG_0174.JPG,0.6902656555175781
C:/Users/Enzo.Magal/Documents/Enzo2022/Active-Learning-Phanteras-master/panthera_ML_700/photo/300/IMG_0175.JPG,0.6899142265319824
C:/Users/Enzo.Magal/Documents/Enzo2022/Active-Learning-Phanteras-master/panthera_ML_700/photo/300/IMG_0204.JPG,0.6908771991729736
C:/Users/Enzo.Magal/Documents/Enzo2022/Active-Learning-Phanteras-master/panthera_ML_700/photo/300/IMG_0218.JPG,0.6923031806945801
C:/Users/Enzo.Magal/Documents/Enzo2022/Active-Learning-Phanteras-master/panthera_ML_700/photo/300/IMG_0252.JPG,0.6919586658477783
C:/Users/Enzo.Magal/Documents/Enzo2022/Active-Learning-Phanteras-master/panthera_ML_700/photo/300/IMG_0458.JPG,0.6931214332580566
C:/Users/Enzo.Magal/Documents/Enzo2022/Active-Learning-Phanteras-master/panthera_ML_700/photo/300/IMG_0502.JPG,0.6863114833831787
C:/Users/Enzo.Magal/Documents/Enzo2022/Active-Learning-Phanteras-master/panthera_ML_700/photo/300/IMG_1841.JPG,0.6920127868652344
C:/Users/Enzo.Magal/Documents/Enzo2022/Active-Learning-Phanteras-master/panthera_ML_700/photo/300/IMG_1850.JPG,0.6871113181114197
C:/Users/Enzo.Magal/Documents/Enzo2022/Active-Learning-Phanteras-master/panthera_ML_700/photo/300/IMG_2258.JPG,0.6901975870132446
C:/Users/Enzo.Magal/Documents/Enzo2022/Active-Learning-Phanteras-master/panthera_ML_700/photo/300/IMG_3483.JPG,0.6810462474822998
